SDG,Short_name,Domain,Level_IV,DMO,Field_name,Trunc_name
1 No Poverty,Poverty or social exclusion,Social,Financial/Cultural,O,risk_pov,risk_pv
2 Zero Hunger,Agricultural factor income,Social,Financial,O,afi_awu,afi_awu
2 Zero Hunger,Organic farming,Environmental,Production,M,org_farm,org_frm
2 Zero Hunger,Gross N balance,Environmental,Soil,O,gross_N,gross_N
2 Zero Hunger,Gross P balance,Environmental,Soil,O,gross_P,gross_P
2 Zero Hunger,Ammonia emissions,Environmental,Air,O,emi_nh3,emi_nh3
3 Good Health and Well-Being,,,,,,
4 Quality Education,Educational attainment,Social,Demographic structure,D,train35bas,trn35bs
4 Quality Education,Educational attainment,Social,Demographic structure,D,train35ful,trn35fl
4 Quality Education,Educational attainment,Social,Demographic structure,D,train_bas,tran_bs
4 Quality Education,Educational attainment,Social,Demographic structure,D,train_ful,tran_fl
5 Gender Equality,,,,,,
6 Clean Water and Sanitation,Nitrates in groundwater,Environmental,Water,O,nitr_high,ntr_hgh
6 Clean Water and Sanitation,Nitrates in groundwater,Environmental,Water,O,nitr_mod,nitr_md
6 Clean Water and Sanitation,Nitrates in groundwater,Environmental,Water,O,nitr_poor,nitr_pr
6 Clean Water and Sanitation,Water exploitation,Environmental,Water,M,irrig_rate,irrg_rt
7 Affordable and Clean Energy,Energy consumption,Social,Economic input,M,energy_rt,enrgy_r
7 Affordable and Clean Energy,Energy consumption,Social,Economic input,M,renew_pct,rnw_pct
7 Affordable and Clean Energy,Renewable energy,Social,Economic output,O,renew_prod,rnw_prd
8 Decent Work and Economic Growth,GDP per capita,Social,Financial,D,gdp_cap,gdp_cap
8 Decent Work and Economic Growth,GDP per capita,Social,Financial,D,rur_gdp,rur_gdp
8 Decent Work and Economic Growth,Youth unemployment,Social,Workforce,O,yth_unemp,yth_nmp
8 Decent Work and Economic Growth,Employment rate,Social,Workforce,O,emp_rate,emp_rat
8 Decent Work and Economic Growth,Long-term unemployment,Social,Workforce,O,tot_unemp,tot_nmp
"9 Industry, Innovation and Infrastructure",,,,,,
10 Reduced Inequalities,Purchasing power,Social,Financial,D,rur_pps,rur_pps
11 Sustainable Cities and Communities,Particulate matter,Environmental,Air,O,emi_pm10,em_pm10
11 Sustainable Cities and Communities,(Particulate matter cont.),Environmental,Air,O,emi_pm25,em_pm25
12 Responsible Consumption and Production,Toxic chemicals,Environmental,Biodiversity,M,pest_rate,pest_rt
13 Climate Action,GHG emissions,Environmental,Climate,O,emi_co2eq,emi_c2q
14 Life Below Water,,,,,,
15 Life On Land,Forest area,Environmental,Landscape composition,O,forest,forest
15 Life On Land,Habitat conservation,Environmental,Biodiversity,D,nat2000_pr,nt2000_p
15 Life On Land,Habitat conservation,Environmental,Biodiversity,D,nat2000_ag,nt2000_g
15 Life On Land,Artificial land cover,Environmental,Landscape composition,O,artific,artific
15 Life On Land,Soil erosion by water,Environmental,Soil,O,soil_loss,sol_lss
15 Life On Land,Bird biodiversity,Environmental,Biodiversity,O,com_birds,cm_brds
15 Life On Land,Bird biodiversity,Environmental,Biodiversity,O,farm_birds,frm_brd
"16 Peace, Justice and Strong Institutions",,,,,,
17 Partnerships for the Goals,Imports and exports,Social,Economic outputs,,,
